"Sr. No.","Property Name (Scheme Native)"
"1","Ambrosia"
"2","Solaris Business Hub"
"3","Suresha Anew"
"4","Sun Orbit"
"5","WestBank"
"6","The Taurus"
"7","Shalin Square"
"8","Hastinapur"
"9","The Quad"
"10","Wynn by A.Shridhar"
"11","Sheladia Sarva"
"12","Premium Plots"
"13","Anmol Ambience"
"14","Arham Luxuria"
"15","Aryan Elegance"
"16","Siddharth Vrundavan"
"17","Siddharth Gardenia"
"18","Silver Brook 2"
"19","Eternity"
"20","Aavyan"
"21","Kadamb"
"22","Sun Flower"
"23","Malabar Retreat"
"24","The Imperial Heights"
"25","Satyam Apartment"
"26","Obsidian Towers"
"27","Parkview One"
"28","Aster Neo"
"29","Embrace"
"30","Elysium Novus"
"31","Shivalik Green Field"
"32","Paarijat"
"33","Shilp Skyline"
"34","The West Park"
"35","The North Park"
"36","Belrosa"
"37","Shilp Residency"
"38","Shilp Business Gateway"
"39","Shilp Celestial"
"40","Brij Sandalwood"
"41","Brij IRIS"
"42","Brij Azalea"
"43","Siddharth Haven"
"44","De Casa"
"45","Solaris Residency"
"46","Rameshwar City"
"47","Ganesh Luxuria"
"48","Vikram Luxuria Living"
"49","The Empiirean"
"50","Sahashya Skyzenia"
"51","Brillia by Pravish"
"52","Parkview Prism"
"53","Vivaan Ixora"
"54","Vivaan Essence"
"55","Vivaan Solitaire"
"56","Vivaan Aura"
"57","Vivaan Oliver"
"58","Vivaan Orbit"
"59","THE ORION"
"60","Aryajeet Surya"
"61","Aarya Edge"
"62","Nandita Sampann"
"63","La Gracia"
"64","Olive Greens"
"65","Aarya Epoch"
"66","Rajshree Regalia"
"67","Bluebell"
"68","Adani Archway"
"69","Adani Augusta"
"70","Adani Atrius"
"71","Shankus Aatmantan"
"72","Elysia by Sobha"
"73","Shankus Opus"
"74","Meghalaya by Rajyash"
"75","Divya Heights"
"76","Dharohar"
"77","The Nest"
"78","Artham 97"
"79","Sakar Sky"
"80","Super Shaligram"
"81","Evana by Shashwat"
"82","Shivanjali by Shashwat"
"83","Embrace The Wind"
"84","The Gate by Dev Aashish"
"85","The Gate-X by Dev Aashish"
"86","The Gate-2 by Dev Aashish"
"87","Anantara Abode"
"88","Anantara Imperial"
"89","The Indus by Sheetal"
"90","Gharana by Sheetal"
"91","Centroid by Sanghvi Group"
"92","Manor Ananda"
"93","Swati-Premier"
"94","Trident Experia"
"95","Turquoise Rosedale"
"96","Turquoise Agasiya"
"97","Turquoise Glamouere"
"98","Suryam Arnath"
"99","Radhe Govind Galaxy"
"100","Swati 18"
"101","Swati Signiya"
"102","The Canvas by Kavisha"
"103","Santorini Square"
"104","Pearl Bungalow"
"105","Vaikunth By A.Shridhar"
"106","Kaveri Soham Vivanta by A.Shridhar"
"107","Anantara Alora by A.Shridhar"
"108","Athens by A.Shridhar"
"109","Absolute by A.Shridhar"
"110","Kalrav Treasure by A.Shridhar"
"111","Kalrav Trails by A.Shridhar"
"112","Kalrav Seasons by A.Shridhar"
"113","Kalrav Nest by A.Shridhar"
"114","Kalrav Farms by A.Shridhar"
"115","Silver Harmony-2"
"116","Centre Court by Trogon"
"117","Trogon Twin Towers "
"118","Swarnim Sun"
"119","Swarnim Sentosaa"
"120","Swarnim 18"
"121","Swarnim Business Center "
"122","Siban"
"123","Turquoise Grandeure"
"124","The Citadel"
"125","Rewa"
"126","Reva"
"127","Narmada"
"128","Ganga"
"129","Keshwam Skyview"
"130","The Palace"
"131","Satyamev Luxor"
"132","Celestial Garden Living"
"133","Ananta Elite"
"134","Rajul Greens"
"135","The First"
"136","Z Luxuria"
"137","Zade Two"
"138","Kautilya TWO20"
"139","Vinayak Elysium"
"140","Anand Avyam"
"141","Avant"
"142","Eternity by Ratnaakar"
"143","Artesia by Ratnaakar"
"144","The Whitecraft"
"145","Belmont by Binori"
"146","Triveni 84"
"147","Anamika High Point"
"148","The Double 3"
"149","Turquoise Greenz by Ratna"
"150","Re 45 by Ratna"
"151","The Residency"
"152","The Bellagio"
"153","Eternity by Sankalp"
"154","Sankalp 59"
"155","Sankalp 480"
"156","Olive XIV"
"157","Apricus 2 by Saiyamm"
"158","Times Marvel"
"159","Times Trinity"
"160","Times 104"
"161","Times 40"
"162","Tree Top by Sheladia"
"163","Swan Lake"
"164","The Sovereign"
"165","Sharanya Kadamb"
"166","Sakar One"
"167","ManekBaug Society"
"168","Sun Sky View"
"169","Sun Urban Park"
"170","Sun Mayfair"
"171","Sun Park West"
"172","Sun City Park"
"173","Sun Footprint"
"174","Sun Solace"
"175","Sun Silver Springs"
"176","Sakar Two"
"177","Sakar Three"
"178","Armonia Sky"
"179","Amaris"
"180","Vishakha Seleqt"
"181","Samyak"
"182","Arise One"
"183","Pre Launch By Sun Builders"
"184","Essence 171"
"185","The One"
"186","Dev Aurum Minato"
"187","Aanira One"
"188","Diwali Skyz"
"189","Panache"
"190","Aurika One"
"191","Sarang Lake View"
"192","Ganesh Vivanta"
"193","Indraprasth Marigold"
"194","Indraprasth Ixora"
"195","Indraprasth Abode"
"196","Swarnim Heights"
"197","Indraprasth Saptak"
"198","Ananta"
"199","Skyvue 126"
"200","The Q By Satya"
"201","Anuvrat By Shivanka"
"202","Scarlet Springs"
"203","Signet"
"204","Akshar Evoq"
"205","The Crest"
"206","Solo Lake View"
"207","Ideal Ixora"
"208","The Green Parmeshwar"
"209","Shaligram Luxuria"
"210","Dharti Sky Line"
"211","Nityam Harmony"
"212","The Sparkle"
"213","Shaligram Sky"
"214","Status Sky"
"215","Harmony Harikesh"
"216","Stateland"
"217","Vivekanand Arise"
"218","Yash Imperia"
"219","Stark Torre"
"220","Vishakha Empyrean"
"221","Veridian"
"222","Addor Aspire 2"
"223","Aristo Anantam"
"224","Addor Arise"
"225","Artham Prism"
"226","Sun Residency"
"227","Map Celebration"
"228","Elinor 51"
"229","Aarohi Avinya"
"230","Terrace Skyline"
"231","Aarohi Galleria"
"232","Aquavista"
"233","Skyrise"
"234","Aleta"
"235","Swastik Square"
"236","Nirman Sahvas"
"237","Trinay Anagh"
"238","The Aayansh"
"239","Sharnam Aayan"
"240","The Verity"
"241","Aaloka"
"242","Kiva 261"
"243","Kameshwar Elite 140"
"244","Signor Heritage"
"245","Shivam Sky"
"246","Onyx Luxuria"
"247","Anant Parmeshwar"
"248","Swarnim Skyline"
"249","Shaligram Pride"
"250","Shaligram Prestige"
"251","Sujal Apartment"
"252","Shyaswa Sarovar"
"253","Shristi"
"254","Luxuriom Elite"
"255","Luxuriom Bellevue"
"256","Rameshwar Dream"
"257","Aurania"
"258","Ora"
"259","Rajyash Regius"
"260","Solace"
"261","Serene Heights"
"262","Spectra"
"263","Dharti Padmambica"
"264","Snehal Exotica"
"265","Aarav Elenza Infinium"
"266","Shruti Apartment"
"267","Serenity Shivam"
"268","Serenity Satyam"
"269","Saharsh"
"270","Elenza Arista"
"271","Amaryllis"
"272","The Altitude"
"273","The August"
"274","The Anamaya"
"275","Elenza Callista"
"276","Rashmi Nirvana"
"277","Rashmi Riesen"
"278","Trinity Sky"
"279","Rashmi Ombre"
"280","Rashmi Sky Scape"
"281","The Identity"
"282","Swastik Clairmont"
"283","Rashmi Connect"
"284","Rashmi Prime"
"285","Birdsong"
"286","Gamara Iconic"
"287","Praharsh Serena"
"288","Praharsh Bluebell"
"289","Green Fluorite"
"290","Sky 42"
"291","Sky Line"
"292","Skypark by Divine"
"293","Aadhvan Shine"
"294","Rhythm Aura"
"295","B Ethics"
"296","Mahadev Lavish"
"297","Arise Vibrant"
"298","Tremont Adleap"
"299","Swastik Reva"
"300","Sandalwood 26"
"301","Arcadia 111"
"302","Tremont Tower"
"303","Tremont Terra"
"304","Rajharsh Celestial"
"305","Rajyash Reanand"
"306","Rajyash Riyana"
"307","Rajyash Ridge"
"308","Arcus Aura"
"309","Sky Arise"
"310","Samhita"
"311","Serenity Status"
"312","Mount Brook & Lake"
"313","Alaya Belmonte"
"314","Azzaro"
"315","Ideal Iris"
"316","Ideal Imprint"
"317","Eliseo 2"
"318","Eliseo"
"319","Eliseo 3"
"320","Eliseo 4"
"321","Apricus"
"322","Ayaan"
"323","Riviera Aspire"
"324","The Gold Sky Villa"
"325","Binori Aristella"
"326","Oryn Armonia"
"327","The Indus"
"328","Arcelia"
"329","Aastha Avirat"
"330","Elenza Vibe"
"331","Swastik Promont"
"332","Veritas"
"333","Gamara Hills"
"334","Marvella"
"335","Kavisha Aer"
"336","Elenza Gradiant"
"337","Sky Elegance"
"338","Ikebana"
"339","Le Parque"
"340","Vertex Luxuria"
"341","Sky 97"
"342","Sarathya West"
"343","Riviera Majestica"
"344","Riviera Palacio"
"345","Green Abalone"
"346","Sapphire"
"347","North Sky"
"348","Shilp Reventa"
"349","Skyville"
"350","Maher Homes 5"
"351","Maher select"
"352","Orchid Gold"
"353","The Planet"
"354","The Galaxy"
"355","Sheladia Luxuria"
"356","Eklingji Satvam"
"357","Solo Bliss"
"358","Happy Uptown"
"359","Parkview 2"
"360","Portrait"
"361","Sheladia Trinary"
"362","Anthem"
"363","Aalay"
"364","Arkiton Luxe"
"365","Green Garnet"
"366","Shilp Serene"
"367","Sukirti 54"
"368","Sheladia Eris"
"369","SP Epitome"
"370","Giriraj Avinya"
"371","Shiv Vivanta"
"372","Sky Park"
"373","The Park"
"374","Swastik Varmine"
"375","Shantam Solitaire"
"376","Venus Deshna"
"377","Shikhar Kiaan"
"378","Province"
"379","Radiant Rays"
"380","Shyam Elegance"
"381","Harved avan"
"382","Sampad Adirath"
"383","Harved Supremo"
"384","Tulsi Paradise"
"385","Vrundavan Zion"
"386","Rythm Sky"
"387"," The Satyagrah landmark"
"388","Swastik harmony "
"389","Om Elegance"